{
    "P01": {
        "test_score": 0.3888888888888889,
        "train_score": 0.6736111111111112,
        "num_train": 144,
        "num_test": 36
    },
    "P02": {
        "test_score": 0.4444444444444444,
        "train_score": 0.6041666666666666,
        "num_train": 144,
        "num_test": 36
    },
    "P04": {
        "test_score": 0.4444444444444444,
        "train_score": 0.7708333333333334,
        "num_train": 144,
        "num_test": 36
    },
    "P05": {
        "test_score": 0.3333333333333333,
        "train_score": 0.7222222222222222,
        "num_train": 144,
        "num_test": 36
    },
    "P06": {
        "test_score": 0.5555555555555556,
        "train_score": 0.625,
        "num_train": 144,
        "num_test": 36
    },
    "P07": {
        "test_score": 0.2777777777777778,
        "train_score": 0.6597222222222222,
        "num_train": 144,
        "num_test": 36
    },
    "P08": {
        "test_score": 0.4722222222222222,
        "train_score": 0.7083333333333334,
        "num_train": 144,
        "num_test": 36
    },
    "P09": {
        "test_score": 0.3055555555555556,
        "train_score": 0.7777777777777778,
        "num_train": 144,
        "num_test": 36
    },
    "P10": {
        "test_score": 0.25,
        "train_score": 0.8055555555555556,
        "num_train": 144,
        "num_test": 36
    },
    "P11": {
        "test_score": 0.25,
        "train_score": 0.7847222222222222,
        "num_train": 144,
        "num_test": 36
    },
    "P12": {
        "test_score": 0.3888888888888889,
        "train_score": 0.7152777777777778,
        "num_train": 144,
        "num_test": 36
    },
    "P13": {
        "test_score": 0.3333333333333333,
        "train_score": 0.7916666666666666,
        "num_train": 144,
        "num_test": 36
    },
    "P14": {
        "test_score": 0.4166666666666667,
        "train_score": 0.7222222222222222,
        "num_train": 144,
        "num_test": 36
    },
    "P15": {
        "test_score": 0.25,
        "train_score": 0.7430555555555556,
        "num_train": 144,
        "num_test": 36
    },
    "P16": {
        "test_score": 0.3888888888888889,
        "train_score": 0.7986111111111112,
        "num_train": 144,
        "num_test": 36
    },
    "P17": {
        "test_score": 0.3611111111111111,
        "train_score": 0.8680555555555556,
        "num_train": 144,
        "num_test": 36
    },
    "P18": {
        "test_score": 0.3333333333333333,
        "train_score": 0.7777777777777778,
        "num_train": 144,
        "num_test": 36
    },
    "P20": {
        "test_score": 0.19444444444444445,
        "train_score": 0.6111111111111112,
        "num_train": 144,
        "num_test": 36
    },
    "dependent": {
        "test_score": 0.3888888888888889,
        "train_score": 0.5767746913580247,
        "num_train": 2592,
        "num_test": 648
    },
    "fold10": {
        "test_score": 0.35493827160493824,
        "train_score": 0.7310956790123457,
        "num_train": 0,
        "num_test": 0
    }
}