{
    "P01": {
        "test_score": 0.3333333333333333,
        "train_score": 0.7569444444444444,
        "num_train": 144,
        "num_test": 36
    },
    "P02": {
        "test_score": 0.5555555555555556,
        "train_score": 0.7986111111111112,
        "num_train": 144,
        "num_test": 36
    },
    "P04": {
        "test_score": 0.25,
        "train_score": 0.625,
        "num_train": 144,
        "num_test": 36
    },
    "P05": {
        "test_score": 0.3888888888888889,
        "train_score": 0.7777777777777778,
        "num_train": 144,
        "num_test": 36
    },
    "P06": {
        "test_score": 0.3888888888888889,
        "train_score": 0.6388888888888888,
        "num_train": 144,
        "num_test": 36
    },
    "P07": {
        "test_score": 0.4166666666666667,
        "train_score": 0.6319444444444444,
        "num_train": 144,
        "num_test": 36
    },
    "P08": {
        "test_score": 0.3888888888888889,
        "train_score": 0.6388888888888888,
        "num_train": 144,
        "num_test": 36
    },
    "P09": {
        "test_score": 0.2222222222222222,
        "train_score": 0.6875,
        "num_train": 144,
        "num_test": 36
    },
    "P10": {
        "test_score": 0.2777777777777778,
        "train_score": 0.75,
        "num_train": 144,
        "num_test": 36
    },
    "P11": {
        "test_score": 0.3611111111111111,
        "train_score": 0.75,
        "num_train": 144,
        "num_test": 36
    },
    "P12": {
        "test_score": 0.3055555555555556,
        "train_score": 0.75,
        "num_train": 144,
        "num_test": 36
    },
    "P13": {
        "test_score": 0.5277777777777778,
        "train_score": 0.7361111111111112,
        "num_train": 144,
        "num_test": 36
    },
    "P14": {
        "test_score": 0.3333333333333333,
        "train_score": 0.7152777777777778,
        "num_train": 144,
        "num_test": 36
    },
    "P15": {
        "test_score": 0.4444444444444444,
        "train_score": 0.75,
        "num_train": 144,
        "num_test": 36
    },
    "P16": {
        "test_score": 0.3611111111111111,
        "train_score": 0.6666666666666666,
        "num_train": 144,
        "num_test": 36
    },
    "P17": {
        "test_score": 0.3611111111111111,
        "train_score": 0.7847222222222222,
        "num_train": 144,
        "num_test": 36
    },
    "P18": {
        "test_score": 0.3611111111111111,
        "train_score": 0.7430555555555556,
        "num_train": 144,
        "num_test": 36
    },
    "P20": {
        "test_score": 0.2777777777777778,
        "train_score": 0.6527777777777778,
        "num_train": 144,
        "num_test": 36
    },
    "dependent": {
        "test_score": 0.3472222222222222,
        "train_score": 0.5474537037037037,
        "num_train": 2592,
        "num_test": 648
    },
    "fold10": {
        "test_score": 0.36419753086419754,
        "train_score": 0.7141203703703703,
        "num_train": 0,
        "num_test": 0
    }
}