{
    "P01": {
        "test_score": 0.5277777777777778,
        "train_score": 0.4722222222222222,
        "num_train": 144,
        "num_test": 36
    },
    "P02": {
        "test_score": 0.5,
        "train_score": 0.4444444444444444,
        "num_train": 144,
        "num_test": 36
    },
    "P04": {
        "test_score": 0.25,
        "train_score": 0.5208333333333334,
        "num_train": 144,
        "num_test": 36
    },
    "P05": {
        "test_score": 0.3333333333333333,
        "train_score": 0.6597222222222222,
        "num_train": 144,
        "num_test": 36
    },
    "P06": {
        "test_score": 0.4166666666666667,
        "train_score": 0.4583333333333333,
        "num_train": 144,
        "num_test": 36
    },
    "P07": {
        "test_score": 0.3611111111111111,
        "train_score": 0.5208333333333334,
        "num_train": 144,
        "num_test": 36
    },
    "P08": {
        "test_score": 0.5,
        "train_score": 0.5972222222222222,
        "num_train": 144,
        "num_test": 36
    },
    "P09": {
        "test_score": 0.25,
        "train_score": 0.5763888888888888,
        "num_train": 144,
        "num_test": 36
    },
    "P10": {
        "test_score": 0.3333333333333333,
        "train_score": 0.5416666666666666,
        "num_train": 144,
        "num_test": 36
    },
    "P11": {
        "test_score": 0.3055555555555556,
        "train_score": 0.5902777777777778,
        "num_train": 144,
        "num_test": 36
    },
    "P12": {
        "test_score": 0.2777777777777778,
        "train_score": 0.5416666666666666,
        "num_train": 144,
        "num_test": 36
    },
    "P13": {
        "test_score": 0.5555555555555556,
        "train_score": 0.7013888888888888,
        "num_train": 144,
        "num_test": 36
    },
    "P14": {
        "test_score": 0.3333333333333333,
        "train_score": 0.5833333333333334,
        "num_train": 144,
        "num_test": 36
    },
    "P15": {
        "test_score": 0.4166666666666667,
        "train_score": 0.5833333333333334,
        "num_train": 144,
        "num_test": 36
    },
    "P16": {
        "test_score": 0.3055555555555556,
        "train_score": 0.5347222222222222,
        "num_train": 144,
        "num_test": 36
    },
    "P17": {
        "test_score": 0.3333333333333333,
        "train_score": 0.3472222222222222,
        "num_train": 144,
        "num_test": 36
    },
    "P18": {
        "test_score": 0.2777777777777778,
        "train_score": 0.6597222222222222,
        "num_train": 144,
        "num_test": 36
    },
    "P20": {
        "test_score": 0.3611111111111111,
        "train_score": 0.4583333333333333,
        "num_train": 144,
        "num_test": 36
    },
    "dependent": {
        "test_score": 0.3333333333333333,
        "train_score": 0.33449074074074076,
        "num_train": 2592,
        "num_test": 648
    },
    "fold10": {
        "test_score": 0.36882716049382713,
        "train_score": 0.5439814814814814,
        "num_train": 0,
        "num_test": 0
    }
}