{
    "P01": {
        "test_score": 0.6944444444444444,
        "train_score": 0.8090277777777778,
        "num_train": 288,
        "num_test": 72
    },
    "P02": {
        "test_score": 0.7916666666666666,
        "train_score": 0.8194444444444444,
        "num_train": 288,
        "num_test": 72
    },
    "P04": {
        "test_score": 0.8194444444444444,
        "train_score": 0.9618055555555556,
        "num_train": 288,
        "num_test": 72
    },
    "P05": {
        "test_score": 0.6388888888888888,
        "train_score": 0.8576388888888888,
        "num_train": 288,
        "num_test": 72
    },
    "P06": {
        "test_score": 0.6111111111111112,
        "train_score": 0.78125,
        "num_train": 288,
        "num_test": 72
    },
    "P07": {
        "test_score": 0.6805555555555556,
        "train_score": 0.9097222222222222,
        "num_train": 288,
        "num_test": 72
    },
    "P08": {
        "test_score": 0.7638888888888888,
        "train_score": 0.90625,
        "num_train": 288,
        "num_test": 72
    },
    "P09": {
        "test_score": 0.7916666666666666,
        "train_score": 0.8993055555555556,
        "num_train": 288,
        "num_test": 72
    },
    "P10": {
        "test_score": 0.7083333333333334,
        "train_score": 0.8819444444444444,
        "num_train": 288,
        "num_test": 72
    },
    "P11": {
        "test_score": 0.8055555555555556,
        "train_score": 0.8819444444444444,
        "num_train": 288,
        "num_test": 72
    },
    "P12": {
        "test_score": 0.8611111111111112,
        "train_score": 0.8819444444444444,
        "num_train": 288,
        "num_test": 72
    },
    "P13": {
        "test_score": 0.7916666666666666,
        "train_score": 0.96875,
        "num_train": 288,
        "num_test": 72
    },
    "P14": {
        "test_score": 0.9166666666666666,
        "train_score": 0.9652777777777778,
        "num_train": 288,
        "num_test": 72
    },
    "P15": {
        "test_score": 0.9583333333333334,
        "train_score": 0.9722222222222222,
        "num_train": 288,
        "num_test": 72
    },
    "P16": {
        "test_score": 0.5833333333333334,
        "train_score": 0.8263888888888888,
        "num_train": 288,
        "num_test": 72
    },
    "P17": {
        "test_score": 0.9444444444444444,
        "train_score": 0.9652777777777778,
        "num_train": 288,
        "num_test": 72
    },
    "P18": {
        "test_score": 0.8194444444444444,
        "train_score": 0.8819444444444444,
        "num_train": 288,
        "num_test": 72
    },
    "P20": {
        "test_score": 0.8611111111111112,
        "train_score": 0.9513888888888888,
        "num_train": 288,
        "num_test": 72
    },
    "dependent": {
        "test_score": 0.7214506172839507,
        "train_score": 0.796875,
        "num_train": 5184,
        "num_test": 1296
    },
    "fold10": {
        "test_score": 0.7800925925925926,
        "train_score": 0.8956404320987654,
        "num_train": 0,
        "num_test": 0
    }
}