{
    "P01": {
        "test_score": 0.6666666666666666,
        "train_score": 0.7013888888888888,
        "num_train": 144,
        "num_test": 36
    },
    "P02": {
        "test_score": 0.6666666666666666,
        "train_score": 0.6666666666666666,
        "num_train": 144,
        "num_test": 36
    },
    "P04": {
        "test_score": 0.6666666666666666,
        "train_score": 0.7222222222222222,
        "num_train": 144,
        "num_test": 36
    },
    "P05": {
        "test_score": 0.6666666666666666,
        "train_score": 0.6875,
        "num_train": 144,
        "num_test": 36
    },
    "P06": {
        "test_score": 0.6666666666666666,
        "train_score": 0.6875,
        "num_train": 144,
        "num_test": 36
    },
    "P07": {
        "test_score": 0.6666666666666666,
        "train_score": 0.6805555555555556,
        "num_train": 144,
        "num_test": 36
    },
    "P08": {
        "test_score": 0.6666666666666666,
        "train_score": 0.6875,
        "num_train": 144,
        "num_test": 36
    },
    "P09": {
        "test_score": 0.6666666666666666,
        "train_score": 0.6666666666666666,
        "num_train": 144,
        "num_test": 36
    },
    "P10": {
        "test_score": 0.6666666666666666,
        "train_score": 0.7777777777777778,
        "num_train": 144,
        "num_test": 36
    },
    "P11": {
        "test_score": 0.6111111111111112,
        "train_score": 0.7986111111111112,
        "num_train": 144,
        "num_test": 36
    },
    "dependent": {
        "test_score": 0.6666666666666666,
        "train_score": 0.6672979797979798,
        "num_train": 1584,
        "num_test": 396
    },
    "fold10": {
        "test_score": 0.6611111111111111,
        "train_score": 0.7076388888888889,
        "num_train": 0,
        "num_test": 0
    }
}