{
    "P01": {
        "test_score": 0.6666666666666666,
        "train_score": 0.7083333333333334,
        "num_train": 144,
        "num_test": 36
    },
    "P02": {
        "test_score": 0.6944444444444444,
        "train_score": 0.6736111111111112,
        "num_train": 144,
        "num_test": 36
    },
    "P04": {
        "test_score": 0.6666666666666666,
        "train_score": 0.6944444444444444,
        "num_train": 144,
        "num_test": 36
    },
    "P05": {
        "test_score": 0.6944444444444444,
        "train_score": 0.7777777777777778,
        "num_train": 144,
        "num_test": 36
    },
    "P06": {
        "test_score": 0.6666666666666666,
        "train_score": 0.7013888888888888,
        "num_train": 144,
        "num_test": 36
    },
    "P07": {
        "test_score": 0.6666666666666666,
        "train_score": 0.6944444444444444,
        "num_train": 144,
        "num_test": 36
    },
    "P08": {
        "test_score": 0.6666666666666666,
        "train_score": 0.6805555555555556,
        "num_train": 144,
        "num_test": 36
    },
    "P09": {
        "test_score": 0.6666666666666666,
        "train_score": 0.6736111111111112,
        "num_train": 144,
        "num_test": 36
    },
    "P10": {
        "test_score": 0.6666666666666666,
        "train_score": 0.6875,
        "num_train": 144,
        "num_test": 36
    },
    "P11": {
        "test_score": 0.6666666666666666,
        "train_score": 0.7013888888888888,
        "num_train": 144,
        "num_test": 36
    },
    "dependent": {
        "test_score": 0.6666666666666666,
        "train_score": 0.6723484848484849,
        "num_train": 1584,
        "num_test": 396
    },
    "fold10": {
        "test_score": 0.6722222222222223,
        "train_score": 0.6993055555555555,
        "num_train": 0,
        "num_test": 0
    }
}