{
    "P01": {
        "test_score": 0.9166666666666666,
        "train_score": 0.9791666666666666,
        "num_train": 96,
        "num_test": 24
    },
    "P02": {
        "test_score": 0.9166666666666666,
        "train_score": 0.875,
        "num_train": 96,
        "num_test": 24
    },
    "P04": {
        "test_score": 0.4166666666666667,
        "train_score": 0.7604166666666666,
        "num_train": 96,
        "num_test": 24
    },
    "P05": {
        "test_score": 0.4583333333333333,
        "train_score": 0.8541666666666666,
        "num_train": 96,
        "num_test": 24
    },
    "P06": {
        "test_score": 0.8333333333333334,
        "train_score": 0.8020833333333334,
        "num_train": 96,
        "num_test": 24
    },
    "P07": {
        "test_score": 0.5416666666666666,
        "train_score": 0.71875,
        "num_train": 96,
        "num_test": 24
    },
    "P08": {
        "test_score": 0.9583333333333334,
        "train_score": 0.8541666666666666,
        "num_train": 96,
        "num_test": 24
    },
    "P09": {
        "test_score": 0.7083333333333334,
        "train_score": 0.9375,
        "num_train": 96,
        "num_test": 24
    },
    "P10": {
        "test_score": 0.5833333333333334,
        "train_score": 0.8645833333333334,
        "num_train": 96,
        "num_test": 24
    },
    "P11": {
        "test_score": 0.375,
        "train_score": 0.8541666666666666,
        "num_train": 96,
        "num_test": 24
    },
    "P12": {
        "test_score": 0.75,
        "train_score": 0.8645833333333334,
        "num_train": 96,
        "num_test": 24
    },
    "P13": {
        "test_score": 0.8333333333333334,
        "train_score": 0.9166666666666666,
        "num_train": 96,
        "num_test": 24
    },
    "P14": {
        "test_score": 0.75,
        "train_score": 0.9270833333333334,
        "num_train": 96,
        "num_test": 24
    },
    "P15": {
        "test_score": 0.875,
        "train_score": 1.0,
        "num_train": 96,
        "num_test": 24
    },
    "P16": {
        "test_score": 0.75,
        "train_score": 0.9375,
        "num_train": 96,
        "num_test": 24
    },
    "P17": {
        "test_score": 0.8333333333333334,
        "train_score": 0.9270833333333334,
        "num_train": 96,
        "num_test": 24
    },
    "P18": {
        "test_score": 0.5,
        "train_score": 0.8333333333333334,
        "num_train": 96,
        "num_test": 24
    },
    "P20": {
        "test_score": 0.9166666666666666,
        "train_score": 0.9895833333333334,
        "num_train": 96,
        "num_test": 24
    },
    "dependent": {
        "test_score": 0.6759259259259259,
        "train_score": 0.7581018518518519,
        "num_train": 1728,
        "num_test": 432
    },
    "fold10": {
        "test_score": 0.7175925925925926,
        "train_score": 0.883101851851852,
        "num_train": 0,
        "num_test": 0
    }
}