{
    "P01": {
        "test_score": 0.9166666666666666,
        "train_score": 0.9513888888888888,
        "num_train": 144,
        "num_test": 36
    },
    "P02": {
        "test_score": 0.8333333333333334,
        "train_score": 0.7222222222222222,
        "num_train": 144,
        "num_test": 36
    },
    "P04": {
        "test_score": 0.7777777777777778,
        "train_score": 0.8541666666666666,
        "num_train": 144,
        "num_test": 36
    },
    "P05": {
        "test_score": 0.5,
        "train_score": 0.7638888888888888,
        "num_train": 144,
        "num_test": 36
    },
    "P06": {
        "test_score": 0.7222222222222222,
        "train_score": 0.75,
        "num_train": 144,
        "num_test": 36
    },
    "P07": {
        "test_score": 0.6944444444444444,
        "train_score": 0.7916666666666666,
        "num_train": 144,
        "num_test": 36
    },
    "P08": {
        "test_score": 0.8611111111111112,
        "train_score": 0.8819444444444444,
        "num_train": 144,
        "num_test": 36
    },
    "P09": {
        "test_score": 0.8888888888888888,
        "train_score": 0.9444444444444444,
        "num_train": 144,
        "num_test": 36
    },
    "P10": {
        "test_score": 0.7222222222222222,
        "train_score": 0.7638888888888888,
        "num_train": 144,
        "num_test": 36
    },
    "P11": {
        "test_score": 0.5,
        "train_score": 0.75,
        "num_train": 144,
        "num_test": 36
    },
    "dependent": {
        "test_score": 0.5833333333333334,
        "train_score": 0.6332070707070707,
        "num_train": 1584,
        "num_test": 396
    },
    "fold10": {
        "test_score": 0.7416666666666667,
        "train_score": 0.8173611111111111,
        "num_train": 0,
        "num_test": 0
    }
}