{
    "P01_test_fold": {
        "test_score": 0.5166666666666667,
        "train_score": 0.8161764705882353,
        "num_train": 2040,
        "num_test": 120,
        "pid": "P01"
    },
    "P02_test_fold": {
        "test_score": 0.6166666666666667,
        "train_score": 0.8112745098039216,
        "num_train": 2040,
        "num_test": 120,
        "pid": "P02"
    },
    "P04_test_fold": {
        "test_score": 0.725,
        "train_score": 0.8029411764705883,
        "num_train": 2040,
        "num_test": 120,
        "pid": "P04"
    },
    "P05_test_fold": {
        "test_score": 0.55,
        "train_score": 0.8142156862745098,
        "num_train": 2040,
        "num_test": 120,
        "pid": "P05"
    },
    "P06_test_fold": {
        "test_score": 0.65,
        "train_score": 0.8107843137254902,
        "num_train": 2040,
        "num_test": 120,
        "pid": "P06"
    },
    "P07_test_fold": {
        "test_score": 0.6416666666666667,
        "train_score": 0.8132352941176471,
        "num_train": 2040,
        "num_test": 120,
        "pid": "P07"
    },
    "P08_test_fold": {
        "test_score": 0.5333333333333333,
        "train_score": 0.8147058823529412,
        "num_train": 2040,
        "num_test": 120,
        "pid": "P08"
    },
    "P09_test_fold": {
        "test_score": 0.7916666666666666,
        "train_score": 0.8058823529411765,
        "num_train": 2040,
        "num_test": 120,
        "pid": "P09"
    },
    "P10_test_fold": {
        "test_score": 0.7,
        "train_score": 0.8112745098039216,
        "num_train": 2040,
        "num_test": 120,
        "pid": "P10"
    },
    "P11_test_fold": {
        "test_score": 0.675,
        "train_score": 0.8098039215686275,
        "num_train": 2040,
        "num_test": 120,
        "pid": "P11"
    },
    "P12_test_fold": {
        "test_score": 0.625,
        "train_score": 0.8049019607843138,
        "num_train": 2040,
        "num_test": 120,
        "pid": "P12"
    },
    "P13_test_fold": {
        "test_score": 0.7333333333333333,
        "train_score": 0.8,
        "num_train": 2040,
        "num_test": 120,
        "pid": "P13"
    },
    "P14_test_fold": {
        "test_score": 0.7666666666666667,
        "train_score": 0.8019607843137255,
        "num_train": 2040,
        "num_test": 120,
        "pid": "P14"
    },
    "P15_test_fold": {
        "test_score": 0.6416666666666667,
        "train_score": 0.7970588235294118,
        "num_train": 2040,
        "num_test": 120,
        "pid": "P15"
    },
    "P16_test_fold": {
        "test_score": 0.5166666666666667,
        "train_score": 0.8088235294117647,
        "num_train": 2040,
        "num_test": 120,
        "pid": "P16"
    },
    "P17_test_fold": {
        "test_score": 0.775,
        "train_score": 0.7985294117647059,
        "num_train": 2040,
        "num_test": 120,
        "pid": "P17"
    },
    "P18_test_fold": {
        "test_score": 0.6666666666666666,
        "train_score": 0.8093137254901961,
        "num_train": 2040,
        "num_test": 120,
        "pid": "P18"
    },
    "P20_test_fold": {
        "test_score": 0.75,
        "train_score": 0.7990196078431373,
        "num_train": 2040,
        "num_test": 120,
        "pid": "P20"
    },
    "score": {
        "avg_train": 0.8072167755991285,
        "avg_test": 0.6597222222222222
    }
}