{
    "P01_test_fold": {
        "test_score": 0.575,
        "train_score": 0.821078431372549,
        "num_train": 2040,
        "num_test": 120,
        "pid": "P01"
    },
    "P02_test_fold": {
        "test_score": 0.5583333333333333,
        "train_score": 0.8142156862745098,
        "num_train": 2040,
        "num_test": 120,
        "pid": "P02"
    },
    "P04_test_fold": {
        "test_score": 0.7333333333333333,
        "train_score": 0.7990196078431373,
        "num_train": 2040,
        "num_test": 120,
        "pid": "P04"
    },
    "P05_test_fold": {
        "test_score": 0.6083333333333333,
        "train_score": 0.8127450980392157,
        "num_train": 2040,
        "num_test": 120,
        "pid": "P05"
    },
    "P06_test_fold": {
        "test_score": 0.625,
        "train_score": 0.8142156862745098,
        "num_train": 2040,
        "num_test": 120,
        "pid": "P06"
    },
    "P07_test_fold": {
        "test_score": 0.6916666666666667,
        "train_score": 0.8161764705882353,
        "num_train": 2040,
        "num_test": 120,
        "pid": "P07"
    },
    "P08_test_fold": {
        "test_score": 0.575,
        "train_score": 0.8161764705882353,
        "num_train": 2040,
        "num_test": 120,
        "pid": "P08"
    },
    "P09_test_fold": {
        "test_score": 0.85,
        "train_score": 0.8019607843137255,
        "num_train": 2040,
        "num_test": 120,
        "pid": "P09"
    },
    "P10_test_fold": {
        "test_score": 0.5916666666666667,
        "train_score": 0.8161764705882353,
        "num_train": 2040,
        "num_test": 120,
        "pid": "P10"
    },
    "P11_test_fold": {
        "test_score": 0.6833333333333333,
        "train_score": 0.8102941176470588,
        "num_train": 2040,
        "num_test": 120,
        "pid": "P11"
    },
    "P12_test_fold": {
        "test_score": 0.65,
        "train_score": 0.8093137254901961,
        "num_train": 2040,
        "num_test": 120,
        "pid": "P12"
    },
    "P13_test_fold": {
        "test_score": 0.7666666666666667,
        "train_score": 0.8053921568627451,
        "num_train": 2040,
        "num_test": 120,
        "pid": "P13"
    },
    "P14_test_fold": {
        "test_score": 0.8333333333333334,
        "train_score": 0.8004901960784314,
        "num_train": 2040,
        "num_test": 120,
        "pid": "P14"
    },
    "P15_test_fold": {
        "test_score": 0.6666666666666666,
        "train_score": 0.8102941176470588,
        "num_train": 2040,
        "num_test": 120,
        "pid": "P15"
    },
    "P16_test_fold": {
        "test_score": 0.6166666666666667,
        "train_score": 0.807843137254902,
        "num_train": 2040,
        "num_test": 120,
        "pid": "P16"
    },
    "P17_test_fold": {
        "test_score": 0.8083333333333333,
        "train_score": 0.7990196078431373,
        "num_train": 2040,
        "num_test": 120,
        "pid": "P17"
    },
    "P18_test_fold": {
        "test_score": 0.6916666666666667,
        "train_score": 0.8068627450980392,
        "num_train": 2040,
        "num_test": 120,
        "pid": "P18"
    },
    "P20_test_fold": {
        "test_score": 0.8,
        "train_score": 0.8044117647058824,
        "num_train": 2040,
        "num_test": 120,
        "pid": "P20"
    },
    "score": {
        "avg_train": 0.8092047930283225,
        "avg_test": 0.6847222222222222
    }
}