{
    "P01_test_fold": {
        "test_score": 0.5416666666666666,
        "train_score": 0.7387254901960785,
        "num_train": 6120,
        "num_test": 360,
        "pid": "P01"
    },
    "P02_test_fold": {
        "test_score": 0.5555555555555556,
        "train_score": 0.7395424836601308,
        "num_train": 6120,
        "num_test": 360,
        "pid": "P02"
    },
    "P04_test_fold": {
        "test_score": 0.4527777777777778,
        "train_score": 0.7465686274509804,
        "num_train": 6120,
        "num_test": 360,
        "pid": "P04"
    },
    "P05_test_fold": {
        "test_score": 0.5666666666666667,
        "train_score": 0.7444444444444445,
        "num_train": 6120,
        "num_test": 360,
        "pid": "P05"
    },
    "P06_test_fold": {
        "test_score": 0.6277777777777778,
        "train_score": 0.7437908496732026,
        "num_train": 6120,
        "num_test": 360,
        "pid": "P06"
    },
    "P07_test_fold": {
        "test_score": 0.44166666666666665,
        "train_score": 0.7491830065359477,
        "num_train": 6120,
        "num_test": 360,
        "pid": "P07"
    },
    "P08_test_fold": {
        "test_score": 0.6083333333333333,
        "train_score": 0.7377450980392157,
        "num_train": 6120,
        "num_test": 360,
        "pid": "P08"
    },
    "P09_test_fold": {
        "test_score": 0.7777777777777778,
        "train_score": 0.7357843137254902,
        "num_train": 6120,
        "num_test": 360,
        "pid": "P09"
    },
    "P10_test_fold": {
        "test_score": 0.5638888888888889,
        "train_score": 0.7436274509803922,
        "num_train": 6120,
        "num_test": 360,
        "pid": "P10"
    },
    "P11_test_fold": {
        "test_score": 0.5388888888888889,
        "train_score": 0.7428104575163399,
        "num_train": 6120,
        "num_test": 360,
        "pid": "P11"
    },
    "P12_test_fold": {
        "test_score": 0.6083333333333333,
        "train_score": 0.7439542483660131,
        "num_train": 6120,
        "num_test": 360,
        "pid": "P12"
    },
    "P13_test_fold": {
        "test_score": 0.7333333333333333,
        "train_score": 0.7333333333333333,
        "num_train": 6120,
        "num_test": 360,
        "pid": "P13"
    },
    "P14_test_fold": {
        "test_score": 0.7861111111111111,
        "train_score": 0.7366013071895425,
        "num_train": 6120,
        "num_test": 360,
        "pid": "P14"
    },
    "P15_test_fold": {
        "test_score": 0.5722222222222222,
        "train_score": 0.7351307189542484,
        "num_train": 6120,
        "num_test": 360,
        "pid": "P15"
    },
    "P16_test_fold": {
        "test_score": 0.5194444444444445,
        "train_score": 0.7336601307189542,
        "num_train": 6120,
        "num_test": 360,
        "pid": "P16"
    },
    "P17_test_fold": {
        "test_score": 0.5472222222222223,
        "train_score": 0.734967320261438,
        "num_train": 6120,
        "num_test": 360,
        "pid": "P17"
    },
    "P18_test_fold": {
        "test_score": 0.6027777777777777,
        "train_score": 0.7388888888888889,
        "num_train": 6120,
        "num_test": 360,
        "pid": "P18"
    },
    "P20_test_fold": {
        "test_score": 0.6972222222222222,
        "train_score": 0.7300653594771241,
        "num_train": 6120,
        "num_test": 360,
        "pid": "P20"
    },
    "score": {
        "avg_train": 0.7393790849673203,
        "avg_test": 0.5967592592592593
    }
}