{
    "P01_test_fold": {
        "test_score": 0.5416666666666666,
        "train_score": 0.7475490196078431,
        "num_train": 2040,
        "num_test": 120,
        "pid": "P01"
    },
    "P02_test_fold": {
        "test_score": 0.5166666666666667,
        "train_score": 0.7357843137254902,
        "num_train": 2040,
        "num_test": 120,
        "pid": "P02"
    },
    "P04_test_fold": {
        "test_score": 0.5,
        "train_score": 0.7401960784313726,
        "num_train": 2040,
        "num_test": 120,
        "pid": "P04"
    },
    "P05_test_fold": {
        "test_score": 0.525,
        "train_score": 0.7426470588235294,
        "num_train": 2040,
        "num_test": 120,
        "pid": "P05"
    },
    "P06_test_fold": {
        "test_score": 0.5833333333333334,
        "train_score": 0.7397058823529412,
        "num_train": 2040,
        "num_test": 120,
        "pid": "P06"
    },
    "P07_test_fold": {
        "test_score": 0.4583333333333333,
        "train_score": 0.7436274509803922,
        "num_train": 2040,
        "num_test": 120,
        "pid": "P07"
    },
    "P08_test_fold": {
        "test_score": 0.5833333333333334,
        "train_score": 0.7313725490196078,
        "num_train": 2040,
        "num_test": 120,
        "pid": "P08"
    },
    "P09_test_fold": {
        "test_score": 0.7666666666666667,
        "train_score": 0.7372549019607844,
        "num_train": 2040,
        "num_test": 120,
        "pid": "P09"
    },
    "P10_test_fold": {
        "test_score": 0.5083333333333333,
        "train_score": 0.7377450980392157,
        "num_train": 2040,
        "num_test": 120,
        "pid": "P10"
    },
    "P11_test_fold": {
        "test_score": 0.48333333333333334,
        "train_score": 0.7397058823529412,
        "num_train": 2040,
        "num_test": 120,
        "pid": "P11"
    },
    "P12_test_fold": {
        "test_score": 0.5916666666666667,
        "train_score": 0.7387254901960785,
        "num_train": 2040,
        "num_test": 120,
        "pid": "P12"
    },
    "P13_test_fold": {
        "test_score": 0.7,
        "train_score": 0.7392156862745098,
        "num_train": 2040,
        "num_test": 120,
        "pid": "P13"
    },
    "P14_test_fold": {
        "test_score": 0.7166666666666667,
        "train_score": 0.734313725490196,
        "num_train": 2040,
        "num_test": 120,
        "pid": "P14"
    },
    "P15_test_fold": {
        "test_score": 0.6416666666666667,
        "train_score": 0.7397058823529412,
        "num_train": 2040,
        "num_test": 120,
        "pid": "P15"
    },
    "P16_test_fold": {
        "test_score": 0.5666666666666667,
        "train_score": 0.746078431372549,
        "num_train": 2040,
        "num_test": 120,
        "pid": "P16"
    },
    "P17_test_fold": {
        "test_score": 0.55,
        "train_score": 0.7303921568627451,
        "num_train": 2040,
        "num_test": 120,
        "pid": "P17"
    },
    "P18_test_fold": {
        "test_score": 0.5583333333333333,
        "train_score": 0.7411764705882353,
        "num_train": 2040,
        "num_test": 120,
        "pid": "P18"
    },
    "P20_test_fold": {
        "test_score": 0.7166666666666667,
        "train_score": 0.7357843137254902,
        "num_train": 2040,
        "num_test": 120,
        "pid": "P20"
    },
    "score": {
        "avg_train": 0.7389433551198258,
        "avg_test": 0.5837962962962964
    }
}