{
    "P01_test_fold": {
        "test_score": 0.5333333333333333,
        "train_score": 0.7637254901960784,
        "num_train": 2040,
        "num_test": 120,
        "pid": "P01"
    },
    "P02_test_fold": {
        "test_score": 0.625,
        "train_score": 0.763235294117647,
        "num_train": 2040,
        "num_test": 120,
        "pid": "P02"
    },
    "P04_test_fold": {
        "test_score": 0.4583333333333333,
        "train_score": 0.7720588235294118,
        "num_train": 2040,
        "num_test": 120,
        "pid": "P04"
    },
    "P05_test_fold": {
        "test_score": 0.5083333333333333,
        "train_score": 0.7700980392156863,
        "num_train": 2040,
        "num_test": 120,
        "pid": "P05"
    },
    "P06_test_fold": {
        "test_score": 0.65,
        "train_score": 0.7612745098039215,
        "num_train": 2040,
        "num_test": 120,
        "pid": "P06"
    },
    "P07_test_fold": {
        "test_score": 0.475,
        "train_score": 0.7808823529411765,
        "num_train": 2040,
        "num_test": 120,
        "pid": "P07"
    },
    "P08_test_fold": {
        "test_score": 0.6,
        "train_score": 0.7661764705882353,
        "num_train": 2040,
        "num_test": 120,
        "pid": "P08"
    },
    "P09_test_fold": {
        "test_score": 0.7666666666666667,
        "train_score": 0.7607843137254902,
        "num_train": 2040,
        "num_test": 120,
        "pid": "P09"
    },
    "P10_test_fold": {
        "test_score": 0.6083333333333333,
        "train_score": 0.7700980392156863,
        "num_train": 2040,
        "num_test": 120,
        "pid": "P10"
    },
    "P11_test_fold": {
        "test_score": 0.49166666666666664,
        "train_score": 0.7705882352941177,
        "num_train": 2040,
        "num_test": 120,
        "pid": "P11"
    },
    "P12_test_fold": {
        "test_score": 0.6583333333333333,
        "train_score": 0.7671568627450981,
        "num_train": 2040,
        "num_test": 120,
        "pid": "P12"
    },
    "P13_test_fold": {
        "test_score": 0.7416666666666667,
        "train_score": 0.7617647058823529,
        "num_train": 2040,
        "num_test": 120,
        "pid": "P13"
    },
    "P14_test_fold": {
        "test_score": 0.8,
        "train_score": 0.7647058823529411,
        "num_train": 2040,
        "num_test": 120,
        "pid": "P14"
    },
    "P15_test_fold": {
        "test_score": 0.525,
        "train_score": 0.7612745098039215,
        "num_train": 2040,
        "num_test": 120,
        "pid": "P15"
    },
    "P16_test_fold": {
        "test_score": 0.49166666666666664,
        "train_score": 0.765686274509804,
        "num_train": 2040,
        "num_test": 120,
        "pid": "P16"
    },
    "P17_test_fold": {
        "test_score": 0.5166666666666667,
        "train_score": 0.765686274509804,
        "num_train": 2040,
        "num_test": 120,
        "pid": "P17"
    },
    "P18_test_fold": {
        "test_score": 0.6083333333333333,
        "train_score": 0.763235294117647,
        "num_train": 2040,
        "num_test": 120,
        "pid": "P18"
    },
    "P20_test_fold": {
        "test_score": 0.675,
        "train_score": 0.7647058823529411,
        "num_train": 2040,
        "num_test": 120,
        "pid": "P20"
    },
    "score": {
        "avg_train": 0.766285403050109,
        "avg_test": 0.5962962962962962
    }
}