{
    "P01_fold_wise": {
        "test_score": 0.8375,
        "train_score": 0.6583333333333333
    },
    "P02_fold_wise": {
        "test_score": 0.8479166666666667,
        "train_score": 0.7083333333333334
    },
    "P04_fold_wise": {
        "test_score": 0.9666666666666666,
        "train_score": 0.8416666666666666
    },
    "P05_fold_wise": {
        "test_score": 0.8958333333333333,
        "train_score": 0.575
    },
    "P06_fold_wise": {
        "test_score": 0.81875,
        "train_score": 0.65
    },
    "P07_fold_wise": {
        "test_score": 0.9583333333333333,
        "train_score": 0.725
    },
    "P08_fold_wise": {
        "test_score": 0.91875,
        "train_score": 0.7333333333333334
    },
    "P09_fold_wise": {
        "test_score": 0.9,
        "train_score": 0.7833333333333334
    },
    "P10_fold_wise": {
        "test_score": 0.93125,
        "train_score": 0.7416666666666667
    },
    "P11_fold_wise": {
        "test_score": 0.9458333333333332,
        "train_score": 0.7833333333333333
    },
    "P12_fold_wise": {
        "test_score": 0.9041666666666666,
        "train_score": 0.7666666666666667
    },
    "P13_fold_wise": {
        "test_score": 0.9479166666666666,
        "train_score": 0.8833333333333334
    },
    "P14_fold_wise": {
        "test_score": 0.9854166666666666,
        "train_score": 0.8833333333333334
    },
    "P15_fold_wise": {
        "test_score": 0.98125,
        "train_score": 0.9
    },
    "P16_fold_wise": {
        "test_score": 0.8479166666666667,
        "train_score": 0.5916666666666667
    },
    "P17_fold_wise": {
        "test_score": 0.9895833333333334,
        "train_score": 0.8833333333333332
    },
    "P18_fold_wise": {
        "test_score": 0.9520833333333334,
        "train_score": 0.75
    },
    "P20_fold_wise": {
        "test_score": 0.93125,
        "train_score": 0.8166666666666667
    },
    "score": {
        "avg_train": 0.920023148148148,
        "avg_test": 0.7597222222222223
    },
    "P01_fold0": {
        "test_score": 0.5,
        "train_score": 0.8333333333333334,
        "num_train": 96,
        "num_test": 24,
        "pid": "P01",
        "fold": 0
    },
    "P02_fold0": {
        "test_score": 0.7916666666666666,
        "train_score": 0.8333333333333334,
        "num_train": 96,
        "num_test": 24,
        "pid": "P02",
        "fold": 0
    },
    "P04_fold0": {
        "test_score": 0.7916666666666666,
        "train_score": 0.96875,
        "num_train": 96,
        "num_test": 24,
        "pid": "P04",
        "fold": 0
    },
    "P05_fold0": {
        "test_score": 0.625,
        "train_score": 0.875,
        "num_train": 96,
        "num_test": 24,
        "pid": "P05",
        "fold": 0
    },
    "P06_fold0": {
        "test_score": 0.7083333333333334,
        "train_score": 0.8229166666666666,
        "num_train": 96,
        "num_test": 24,
        "pid": "P06",
        "fold": 0
    },
    "P07_fold0": {
        "test_score": 0.7083333333333334,
        "train_score": 0.9583333333333334,
        "num_train": 96,
        "num_test": 24,
        "pid": "P07",
        "fold": 0
    },
    "P08_fold0": {
        "test_score": 0.875,
        "train_score": 0.9166666666666666,
        "num_train": 96,
        "num_test": 24,
        "pid": "P08",
        "fold": 0
    },
    "P09_fold0": {
        "test_score": 0.8333333333333334,
        "train_score": 0.875,
        "num_train": 96,
        "num_test": 24,
        "pid": "P09",
        "fold": 0
    },
    "P10_fold0": {
        "test_score": 0.75,
        "train_score": 0.9166666666666666,
        "num_train": 96,
        "num_test": 24,
        "pid": "P10",
        "fold": 0
    },
    "P11_fold0": {
        "test_score": 0.75,
        "train_score": 0.9583333333333334,
        "num_train": 96,
        "num_test": 24,
        "pid": "P11",
        "fold": 0
    },
    "P12_fold0": {
        "test_score": 0.7083333333333334,
        "train_score": 0.90625,
        "num_train": 96,
        "num_test": 24,
        "pid": "P12",
        "fold": 0
    },
    "P13_fold0": {
        "test_score": 1.0,
        "train_score": 0.9375,
        "num_train": 96,
        "num_test": 24,
        "pid": "P13",
        "fold": 0
    },
    "P14_fold0": {
        "test_score": 0.6666666666666666,
        "train_score": 1.0,
        "num_train": 96,
        "num_test": 24,
        "pid": "P14",
        "fold": 0
    },
    "P15_fold0": {
        "test_score": 0.9583333333333334,
        "train_score": 0.96875,
        "num_train": 96,
        "num_test": 24,
        "pid": "P15",
        "fold": 0
    },
    "P16_fold0": {
        "test_score": 0.8333333333333334,
        "train_score": 0.84375,
        "num_train": 96,
        "num_test": 24,
        "pid": "P16",
        "fold": 0
    },
    "P17_fold0": {
        "test_score": 0.7916666666666666,
        "train_score": 0.9895833333333334,
        "num_train": 96,
        "num_test": 24,
        "pid": "P17",
        "fold": 0
    },
    "P18_fold0": {
        "test_score": 0.9166666666666666,
        "train_score": 0.9270833333333334,
        "num_train": 96,
        "num_test": 24,
        "pid": "P18",
        "fold": 0
    },
    "P20_fold0": {
        "test_score": 0.875,
        "train_score": 0.9166666666666666,
        "num_train": 96,
        "num_test": 24,
        "pid": "P20",
        "fold": 0
    },
    "P01_fold1": {
        "test_score": 0.7083333333333334,
        "train_score": 0.8958333333333334,
        "num_train": 96,
        "num_test": 24,
        "pid": "P01",
        "fold": 1
    },
    "P02_fold1": {
        "test_score": 0.8333333333333334,
        "train_score": 0.8229166666666666,
        "num_train": 96,
        "num_test": 24,
        "pid": "P02",
        "fold": 1
    },
    "P04_fold1": {
        "test_score": 0.75,
        "train_score": 0.96875,
        "num_train": 96,
        "num_test": 24,
        "pid": "P04",
        "fold": 1
    },
    "P05_fold1": {
        "test_score": 0.4583333333333333,
        "train_score": 0.9479166666666666,
        "num_train": 96,
        "num_test": 24,
        "pid": "P05",
        "fold": 1
    },
    "P06_fold1": {
        "test_score": 0.5416666666666666,
        "train_score": 0.8645833333333334,
        "num_train": 96,
        "num_test": 24,
        "pid": "P06",
        "fold": 1
    },
    "P07_fold1": {
        "test_score": 0.875,
        "train_score": 0.9479166666666666,
        "num_train": 96,
        "num_test": 24,
        "pid": "P07",
        "fold": 1
    },
    "P08_fold1": {
        "test_score": 0.7083333333333334,
        "train_score": 0.9166666666666666,
        "num_train": 96,
        "num_test": 24,
        "pid": "P08",
        "fold": 1
    },
    "P09_fold1": {
        "test_score": 0.8333333333333334,
        "train_score": 0.8854166666666666,
        "num_train": 96,
        "num_test": 24,
        "pid": "P09",
        "fold": 1
    },
    "P10_fold1": {
        "test_score": 0.625,
        "train_score": 0.9479166666666666,
        "num_train": 96,
        "num_test": 24,
        "pid": "P10",
        "fold": 1
    },
    "P11_fold1": {
        "test_score": 0.75,
        "train_score": 0.9583333333333334,
        "num_train": 96,
        "num_test": 24,
        "pid": "P11",
        "fold": 1
    },
    "P12_fold1": {
        "test_score": 0.7083333333333334,
        "train_score": 0.8854166666666666,
        "num_train": 96,
        "num_test": 24,
        "pid": "P12",
        "fold": 1
    },
    "P13_fold1": {
        "test_score": 0.8333333333333334,
        "train_score": 0.9479166666666666,
        "num_train": 96,
        "num_test": 24,
        "pid": "P13",
        "fold": 1
    },
    "P14_fold1": {
        "test_score": 0.9583333333333334,
        "train_score": 0.9791666666666666,
        "num_train": 96,
        "num_test": 24,
        "pid": "P14",
        "fold": 1
    },
    "P15_fold1": {
        "test_score": 0.875,