{
    "P01_fold_wise": {
        "test_score": 0.9423611111111111,
        "train_score": 0.8305555555555557
    },
    "P02_fold_wise": {
        "test_score": 0.8645833333333334,
        "train_score": 0.7527777777777778
    },
    "P04_fold_wise": {
        "test_score": 0.7826388888888889,
        "train_score": 0.5888888888888889
    },
    "P05_fold_wise": {
        "test_score": 0.8375,
        "train_score": 0.5333333333333333
    },
    "P06_fold_wise": {
        "test_score": 0.7930555555555555,
        "train_score": 0.6611111111111112
    },
    "P07_fold_wise": {
        "test_score": 0.75,
        "train_score": 0.5666666666666667
    },
    "P08_fold_wise": {
        "test_score": 0.85,
        "train_score": 0.7555555555555555
    },
    "P09_fold_wise": {
        "test_score": 0.9013888888888889,
        "train_score": 0.8138888888888889
    },
    "P10_fold_wise": {
        "test_score": 0.8388888888888889,
        "train_score": 0.6166666666666667
    },
    "P11_fold_wise": {
        "test_score": 0.8243055555555555,
        "train_score": 0.46944444444444444
    },
    "P12_fold_wise": {
        "test_score": 0.8027777777777778,
        "train_score": 0.6527777777777779
    },
    "P13_fold_wise": {
        "test_score": 0.9034722222222221,
        "train_score": 0.8166666666666667
    },
    "P14_fold_wise": {
        "test_score": 0.9527777777777778,
        "train_score": 0.8916666666666668
    },
    "P15_fold_wise": {
        "test_score": 0.9729166666666668,
        "train_score": 0.925
    },
    "P16_fold_wise": {
        "test_score": 0.8909722222222222,
        "train_score": 0.775
    },
    "P17_fold_wise": {
        "test_score": 0.8652777777777778,
        "train_score": 0.736111111111111
    },
    "P18_fold_wise": {
        "test_score": 0.8333333333333334,
        "train_score": 0.586111111111111
    },
    "P20_fold_wise": {
        "test_score": 0.9826388888888887,
        "train_score": 0.9361111111111111
    },
    "score": {
        "avg_train": 0.8660493827160495,
        "avg_test": 0.7171296296296297
    },
    "P01_fold0": {
        "test_score": 0.7361111111111112,
        "train_score": 0.9618055555555556,
        "num_train": 288,
        "num_test": 72,
        "pid": "P01",
        "fold": 0
    },
    "P02_fold0": {
        "test_score": 0.6944444444444444,
        "train_score": 0.8784722222222222,
        "num_train": 288,
        "num_test": 72,
        "pid": "P02",
        "fold": 0
    },
    "P04_fold0": {
        "test_score": 0.625,
        "train_score": 0.75,
        "num_train": 288,
        "num_test": 72,
        "pid": "P04",
        "fold": 0
    },
    "P05_fold0": {
        "test_score": 0.5416666666666666,
        "train_score": 0.8055555555555556,
        "num_train": 288,
        "num_test": 72,
        "pid": "P05",
        "fold": 0
    },
    "P06_fold0": {
        "test_score": 0.5555555555555556,
        "train_score": 0.7708333333333334,
        "num_train": 288,
        "num_test": 72,
        "pid": "P06",
        "fold": 0
    },
    "P07_fold0": {
        "test_score": 0.5833333333333334,
        "train_score": 0.7326388888888888,
        "num_train": 288,
        "num_test": 72,
        "pid": "P07",
        "fold": 0
    },
    "P08_fold0": {
        "test_score": 0.5555555555555556,
        "train_score": 0.8888888888888888,
        "num_train": 288,
        "num_test": 72,
        "pid": "P08",
        "fold": 0
    },
    "P09_fold0": {
        "test_score": 0.7222222222222222,
        "train_score": 0.90625,
        "num_train": 288,
        "num_test": 72,
        "pid": "P09",
        "fold": 0
    },
    "P10_fold0": {
        "test_score": 0.5972222222222222,
        "train_score": 0.8298611111111112,
        "num_train": 288,
        "num_test": 72,
        "pid": "P10",
        "fold": 0
    },
    "P11_fold0": {
        "test_score": 0.4027777777777778,
        "train_score": 0.7951388888888888,
        "num_train": 288,
        "num_test": 72,
        "pid": "P11",
        "fold": 0
    },
    "P12_fold0": {
        "test_score": 0.6527777777777778,
        "train_score": 0.7986111111111112,
        "num_train": 288,
        "num_test": 72,
        "pid": "P12",
        "fold": 0
    },
    "P13_fold0": {
        "test_score": 0.7777777777777778,
        "train_score": 0.8888888888888888,
        "num_train": 288,
        "num_test": 72,
        "pid": "P13",
        "fold": 0
    },
    "P14_fold0": {
        "test_score": 0.8472222222222222,
        "train_score": 0.9583333333333334,
        "num_train": 288,
        "num_test": 72,
        "pid": "P14",
        "fold": 0
    },
    "P15_fold0": {
        "test_score": 0.9722222222222222,
        "train_score": 0.9652777777777778,
        "num_train": 288,
        "num_test": 72,
        "pid": "P15",
        "fold": 0
    },
    "P16_fold0": {
        "test_score": 0.7638888888888888,
        "train_score": 0.8958333333333334,
        "num_train": 288,
        "num_test": 72,
        "pid": "P16",
        "fold": 0
    },
    "P17_fold0": {
        "test_score": 0.7222222222222222,
        "train_score": 0.875,
        "num_train": 288,
        "num_test": 72,
        "pid": "P17",
        "fold": 0
    },
    "P18_fold0": {
        "test_score": 0.5694444444444444,
        "train_score": 0.8402777777777778,
        "num_train": 288,
        "num_test": 72,
        "pid": "P18",
        "fold": 0
    },
    "P20_fold0": {
        "test_score": 0.8888888888888888,
        "train_score": 0.9861111111111112,
        "num_train": 288,
        "num_test": 72,
        "pid": "P20",
        "fold": 0
    },
    "P01_fold1": {
        "test_score": 0.8333333333333334,
        "train_score": 0.9444444444444444,
        "num_train": 288,
        "num_test": 72,
        "pid": "P01",
        "fold": 1
    },
    "P02_fold1": {
        "test_score": 0.7916666666666666,
        "train_score": 0.8506944444444444,
        "num_train": 288,
        "num_test": 72,
        "pid": "P02",
        "fold": 1
    },
    "P04_fold1": {
        "test_score": 0.6111111111111112,
        "train_score": 0.78125,
        "num_train": 288,
        "num_test": 72,
        "pid": "P04",
        "fold": 1
    },
    "P05_fold1": {
        "test_score": 0.5277777777777778,
        "train_score": 0.8125,
        "num_train": 288,
        "num_test": 72,
        "pid": "P05",
        "fold": 1
    },
    "P06_fold1": {
        "test_score": 0.7222222222222222,
        "train_score": 0.7777777777777778,
        "num_train": 288,
        "num_test": 72,
        "pid": "P06",
        "fold": 1
    },
    "P07_fold1": {
        "test_score": 0.5555555555555556,
        "train_score": 0.7673611111111112,
        "num_train": 288,
        "num_test": 72,
        "pid": "P07",
        "fold": 1
    },
    "P08_fold1": {
        "test_score": 0.6666666666666666,
        "train_score": 0.8576388888888888,
        "num_train": 288,
        "num_test": 72,
        "pid": "P08",
        "fold": 1
    },
    "P09_fold1": {
        "test_score": 0.8611111111111112,
        "train_score": 0.8923611111111112,
        "num_train": 288,
        "num_test": 72,
        "pid": "P09",
        "fold": 1
    },
    "P10_fold1": {
        "test_score": 0.6527777777777778,
        "train_score": 0.8368055555555556,
        "num_train": 288,
        "num_test": 72,
        "pid": "P10",
        "fold": 1
    },
    "P11_fold1": {
        "test_score": 0.4444444444444444,
        "train_score": 0.8506944444444444,
        "num_train": 288,
        "num_test": 72,
        "pid": "P11",
        "fold": 1
    },
    "P12_fold1": {
        "test_score": 0.7222222222222222,
        "train_score": 0.78125,
        "num_train": 288,
        "num_test": 72,
        "pid": "P12",
        "fold": 1
    },
    "P13_fold1": {
        "test_score": 0.7361111111111112,
        "train_score": 0.9097222222222222,
        "num_train": 288,
        "num_test": 72,