{
    "P01": {
        "test_score": 0.5555555555555556,
        "train_score": 0.8055555555555556,
        "num_train": 72,
        "num_test": 9
    },
    "P02": {
        "test_score": 0.5555555555555556,
        "train_score": 0.9027777777777778,
        "num_train": 72,
        "num_test": 9
    },
    "P04": {
        "test_score": 0.6666666666666666,
        "train_score": 0.5,
        "num_train": 72,
        "num_test": 9
    },
    "P05": {
        "test_score": 0.1111111111111111,
        "train_score": 0.7083333333333334,
        "num_train": 72,
        "num_test": 9
    },
    "P06": {
        "test_score": 0.3333333333333333,
        "train_score": 0.5277777777777778,
        "num_train": 72,
        "num_test": 9
    },
    "P07": {
        "test_score": 0.4444444444444444,
        "train_score": 0.6111111111111112,
        "num_train": 72,
        "num_test": 9
    },
    "P08": {
        "test_score": 0.5555555555555556,
        "train_score": 0.7361111111111112,
        "num_train": 72,
        "num_test": 9
    },
    "P09": {
        "test_score": 0.4444444444444444,
        "train_score": 0.75,
        "num_train": 72,
        "num_test": 9
    },
    "P10": {
        "test_score": 0.3333333333333333,
        "train_score": 0.6111111111111112,
        "num_train": 72,
        "num_test": 9
    },
    "P11": {
        "test_score": 0.2222222222222222,
        "train_score": 0.6111111111111112,
        "num_train": 72,
        "num_test": 9
    },
    "dependent": {
        "test_score": 0.3838383838383838,
        "train_score": 0.42297979797979796,
        "num_train": 792,
        "num_test": 99
    },
    "fold10": {
        "test_score": 0.4222222222222222,
        "train_score": 0.6763888888888889,
        "num_train": 0,
        "num_test": 0
    }
}