{
    "P01": {
        "test_score": 0.3333333432674408,
        "train_score": 0.7708333730697632
    },
    "P02": {
        "test_score": 0.5,
        "train_score": 0.7708333730697632
    },
    "P04": {
        "test_score": 0.5,
        "train_score": 0.8958333730697632
    },
    "P05": {
        "test_score": 0.75,
        "train_score": 0.8541666865348816
    },
    "P06": {
        "test_score": 0.4166666567325592,
        "train_score": 0.9166666865348816
    },
    "P07": {
        "test_score": 0.5,
        "train_score": 0.8333333730697632
    },
    "P08": {
        "test_score": 0.9166666865348816,
        "train_score": 0.9791666865348816
    },
    "P09": {
        "test_score": 0.5833333134651184,
        "train_score": 0.8541666865348816
    },
    "P10": {
        "test_score": 0.4166666567325592,
        "train_score": 1.0
    },
    "P11": {
        "test_score": 0.5,
        "train_score": 0.875
    },
    "P12": {
        "test_score": 0.8333333134651184,
        "train_score": 0.8958333730697632
    },
    "P13": {
        "test_score": 0.3333333432674408,
        "train_score": 0.8541666865348816
    },
    "P14": {
        "test_score": 0.75,
        "train_score": 0.8958333730697632
    },
    "P15": {
        "test_score": 0.8333333134651184,
        "train_score": 0.8333333730697632
    },
    "P16": {
        "test_score": 0.5,
        "train_score": 0.7291666865348816
    },
    "P17": {
        "test_score": 0.5,
        "train_score": 0.9583333730697632
    },
    "P18": {
        "test_score": 0.6666666865348816,
        "train_score": 0.8958333730697632
    },
    "P20": {
        "test_score": 0.5,
        "train_score": 0.8958333730697632
    },
    "null": {
        "test_score": 0.6944444179534912,
        "train_score": 0.8842592835426331
    },
    "fold10": {
        "test_score": 0.58040935428519,
        "train_score": 0.8732943754447134
    }
}