{
    "P01": {
        "test_score": 0.5,
        "train_score": 0.8958333730697632
    },
    "P02": {
        "test_score": 0.4166666567325592,
        "train_score": 0.9166666865348816
    },
    "P04": {
        "test_score": 0.5,
        "train_score": 0.9583333730697632
    },
    "P05": {
        "test_score": 0.5,
        "train_score": 0.8333333730697632
    },
    "P06": {
        "test_score": 0.5833333134651184,
        "train_score": 0.8541666865348816
    },
    "P07": {
        "test_score": 0.4166666567325592,
        "train_score": 0.8958333730697632
    },
    "P08": {
        "test_score": 0.5,
        "train_score": 0.8958333730697632
    },
    "P09": {
        "test_score": 0.5,
        "train_score": 0.9375
    },
    "P10": {
        "test_score": 0.5833333134651184,
        "train_score": 0.8333333730697632
    },
    "P11": {
        "test_score": 0.4166666567325592,
        "train_score": 0.9791666865348816
    },
    "P12": {
        "test_score": 0.75,
        "train_score": 0.9166666865348816
    },
    "P13": {
        "test_score": 0.5833333134651184,
        "train_score": 0.9375
    },
    "P14": {
        "test_score": 0.5,
        "train_score": 0.9583333730697632
    },
    "P15": {
        "test_score": 0.6666666865348816,
        "train_score": 0.875
    },
    "P16": {
        "test_score": 0.8333333134651184,
        "train_score": 0.9583333730697632
    },
    "P17": {
        "test_score": 0.5833333134651184,
        "train_score": 0.9166666865348816
    },
    "P18": {
        "test_score": 0.6666666865348816,
        "train_score": 0.8541666865348816
    },
    "P20": {
        "test_score": 0.6666666865348816,
        "train_score": 0.8541666865348816
    },
    "null": {
        "test_score": 0.6157407164573669,
        "train_score": 0.8923611044883728
    },
    "fold10": {
        "test_score": 0.5674951217676464,
        "train_score": 0.9033260470942447
    }
}