{
    "P01": {
        "test_score": 0.6666666865348816,
        "train_score": 0.6458333730697632
    },
    "P02": {
        "test_score": 0.5833333134651184,
        "train_score": 0.5833333730697632
    },
    "P04": {
        "test_score": 0.75,
        "train_score": 0.75
    },
    "P05": {
        "test_score": 0.75,
        "train_score": 0.6458333730697632
    },
    "P06": {
        "test_score": 0.8333333134651184,
        "train_score": 0.9166666865348816
    },
    "P07": {
        "test_score": 0.8333333134651184,
        "train_score": 0.7083333730697632
    },
    "P08": {
        "test_score": 0.9166666865348816,
        "train_score": 0.9583333730697632
    },
    "P09": {
        "test_score": 0.6666666865348816,
        "train_score": 0.7291666865348816
    },
    "P10": {
        "test_score": 0.6666666865348816,
        "train_score": 0.5833333730697632
    },
    "P11": {
        "test_score": 0.6666666865348816,
        "train_score": 0.8541666865348816
    },
    "dependent": {
        "test_score": 0.5833333134651184,
        "train_score": 0.685606062412262
    },
    "fold10": {
        "test_score": 0.7333333373069764,
        "train_score": 0.7375000298023224
    }
}