{
    "P01": {
        "test_score": 0.5,
        "train_score": 0.7708333134651184
    },
    "P02": {
        "test_score": 0.5833333134651184,
        "train_score": 0.8541666865348816
    },
    "P04": {
        "test_score": 0.8333333134651184,
        "train_score": 0.8611111044883728
    },
    "P05": {
        "test_score": 0.6388888955116272,
        "train_score": 0.7916666865348816
    },
    "P06": {
        "test_score": 0.3888888955116272,
        "train_score": 0.819444477558136
    },
    "P07": {
        "test_score": 0.5555555820465088,
        "train_score": 0.8333333134651184
    },
    "P08": {
        "test_score": 0.5833333134651184,
        "train_score": 0.9097222089767456
    },
    "P09": {
        "test_score": 0.6666666865348816,
        "train_score": 0.9236111044883728
    },
    "P10": {
        "test_score": 0.5555555820465088,
        "train_score": 0.881944477558136
    },
    "P11": {
        "test_score": 0.6111111044883728,
        "train_score": 0.8541666865348816
    },
    "P12": {
        "test_score": 0.8611111044883728,
        "train_score": 0.9236111044883728
    },
    "P13": {
        "test_score": 0.75,
        "train_score": 0.9583333134651184
    },
    "P14": {
        "test_score": 0.8333333134651184,
        "train_score": 0.9375
    },
    "P15": {
        "test_score": 0.8888888955116272,
        "train_score": 0.9097222089767456
    },
    "P16": {
        "test_score": 0.4722222089767456,
        "train_score": 0.944444477558136
    },
    "P17": {
        "test_score": 0.5,
        "train_score": 0.8680555820465088
    },
    "P18": {
        "test_score": 0.5833333134651184,
        "train_score": 0.8541666865348816
    },
    "P20": {
        "test_score": 0.75,
        "train_score": 0.8958333134651184
    },
    "null": {
        "test_score": 0.6697530746459961,
        "train_score": 0.8533950448036194
    },
    "fold10": {
        "test_score": 0.6434372945835716,
        "train_score": 0.8760558837338498
    }
}