{
    "P01": {
        "test_score": 0.5555555820465088,
        "train_score": 0.4861111044883728
    },
    "P02": {
        "test_score": 0.5,
        "train_score": 0.5138888955116272
    },
    "P04": {
        "test_score": 0.5555555820465088,
        "train_score": 0.5972222089767456
    },
    "P05": {
        "test_score": 0.5833333134651184,
        "train_score": 0.4583333432674408
    },
    "P06": {
        "test_score": 0.7777777910232544,
        "train_score": 0.5416666865348816
    },
    "P07": {
        "test_score": 0.6388888955116272,
        "train_score": 0.6875
    },
    "P08": {
        "test_score": 0.8055555820465088,
        "train_score": 0.8402777910232544
    },
    "P09": {
        "test_score": 0.6111111044883728,
        "train_score": 0.7430555820465088
    },
    "P10": {
        "test_score": 0.5277777910232544,
        "train_score": 0.6180555820465088
    },
    "P11": {
        "test_score": 0.6944444179534912,
        "train_score": 0.5
    },
    "dependent": {
        "test_score": 0.5530303120613098,
        "train_score": 0.6559343338012695
    },
    "fold10": {
        "test_score": 0.6250000059604645,
        "train_score": 0.598611119389534
    }
}