{
    "P01": {
        "test_score": 0.8333333134651184,
        "train_score": 0.7916666865348816
    },
    "P02": {
        "test_score": 0.5833333134651184,
        "train_score": 0.8333333730697632
    },
    "P04": {
        "test_score": 0.4166666567325592,
        "train_score": 0.8541666865348816
    },
    "P05": {
        "test_score": 0.4166666567325592,
        "train_score": 0.9166666865348816
    },
    "P06": {
        "test_score": 0.25,
        "train_score": 0.875
    },
    "P07": {
        "test_score": 0.6666666865348816,
        "train_score": 0.8541666865348816
    },
    "P08": {
        "test_score": 0.9166666865348816,
        "train_score": 0.8958333730697632
    },
    "P09": {
        "test_score": 0.6666666865348816,
        "train_score": 0.875
    },
    "P10": {
        "test_score": 0.5833333134651184,
        "train_score": 0.9166666865348816
    },
    "P11": {
        "test_score": 0.6666666865348816,
        "train_score": 0.9375
    },
    "P12": {
        "test_score": 0.75,
        "train_score": 0.9375
    },
    "P13": {
        "test_score": 0.75,
        "train_score": 0.9166666865348816
    },
    "P14": {
        "test_score": 0.5,
        "train_score": 0.8541666865348816
    },
    "P15": {
        "test_score": 0.6666666865348816,
        "train_score": 0.875
    },
    "P16": {
        "test_score": 0.5,
        "train_score": 0.9166666865348816
    },
    "P17": {
        "test_score": 0.8333333134651184,
        "train_score": 0.9166666865348816
    },
    "P18": {
        "test_score": 0.3333333432674408,
        "train_score": 0.8958333730697632
    },
    "P20": {
        "test_score": 0.4166666567325592,
        "train_score": 0.8541666865348816
    },
    "null": {
        "test_score": 0.6712962985038757,
        "train_score": 0.8761574029922485
    },
    "fold10": {
        "test_score": 0.6011208578159934,
        "train_score": 0.8838328625026503
    }
}