{
    "P01": {
        "test_score": 0.75,
        "train_score": 0.819444477558136
    },
    "P02": {
        "test_score": 0.6111111044883728,
        "train_score": 0.8125
    },
    "P04": {
        "test_score": 0.6388888955116272,
        "train_score": 0.5833333134651184
    },
    "P05": {
        "test_score": 0.5555555820465088,
        "train_score": 0.6388888955116272
    },
    "P06": {
        "test_score": 0.6944444179534912,
        "train_score": 0.756944477558136
    },
    "P07": {
        "test_score": 0.6388888955116272,
        "train_score": 0.5972222089767456
    },
    "P08": {
        "test_score": 0.8055555820465088,
        "train_score": 0.8125
    },
    "P09": {
        "test_score": 0.9166666865348816,
        "train_score": 0.9097222089767456
    },
    "P10": {
        "test_score": 0.6111111044883728,
        "train_score": 0.5763888955116272
    },
    "P11": {
        "test_score": 0.6666666865348816,
        "train_score": 0.5347222089767456
    },
    "dependent": {
        "test_score": 0.5707070827484131,
        "train_score": 0.6363636255264282
    },
    "fold10": {
        "test_score": 0.6888888955116272,
        "train_score": 0.7041666686534882
    }
}