{
    "P01": {
        "test_score": 0.75,
        "train_score": 0.8958333730697632
    },
    "P02": {
        "test_score": 0.5833333134651184,
        "train_score": 0.8958333730697632
    },
    "P04": {
        "test_score": 0.4166666567325592,
        "train_score": 0.75
    },
    "P05": {
        "test_score": 0.4166666567325592,
        "train_score": 0.8958333730697632
    },
    "P06": {
        "test_score": 0.6666666865348816,
        "train_score": 0.8958333730697632
    },
    "P07": {
        "test_score": 0.75,
        "train_score": 0.8541666865348816
    },
    "P08": {
        "test_score": 0.5833333134651184,
        "train_score": 0.875
    },
    "P09": {
        "test_score": 0.5833333134651184,
        "train_score": 0.9583333730697632
    },
    "P10": {
        "test_score": 0.6666666865348816,
        "train_score": 0.9166666865348816
    },
    "P11": {
        "test_score": 0.6666666865348816,
        "train_score": 0.8541666865348816
    },
    "P12": {
        "test_score": 0.4166666567325592,
        "train_score": 0.8958333730697632
    },
    "P13": {
        "test_score": 0.6666666865348816,
        "train_score": 0.8958333730697632
    },
    "P14": {
        "test_score": 0.6666666865348816,
        "train_score": 0.9166666865348816
    },
    "P15": {
        "test_score": 0.5833333134651184,
        "train_score": 0.8333333730697632
    },
    "P16": {
        "test_score": 0.5833333134651184,
        "train_score": 0.8125
    },
    "P17": {
        "test_score": 0.8333333134651184,
        "train_score": 0.8958333730697632
    },
    "P18": {
        "test_score": 0.4166666567325592,
        "train_score": 0.8958333730697632
    },
    "P20": {
        "test_score": 0.5833333134651184,
        "train_score": 0.8958333730697632
    },
    "null": {
        "test_score": 0.6574074029922485,
        "train_score": 0.8599537014961243
    },
    "fold10": {
        "test_score": 0.6047758240448801,
        "train_score": 0.8785940816527918
    }
}