{
    "P01": {
        "test_score": 0.75,
        "train_score": 0.9166666865348816
    },
    "P02": {
        "test_score": 0.6666666865348816,
        "train_score": 0.9166666865348816
    },
    "P04": {
        "test_score": 0.6666666865348816,
        "train_score": 0.6458333730697632
    },
    "P05": {
        "test_score": 0.5,
        "train_score": 0.875
    },
    "P06": {
        "test_score": 0.75,
        "train_score": 0.8958333730697632
    },
    "P07": {
        "test_score": 0.5833333134651184,
        "train_score": 0.7291666865348816
    },
    "P08": {
        "test_score": 0.6666666865348816,
        "train_score": 0.8541666865348816
    },
    "P09": {
        "test_score": 0.75,
        "train_score": 0.875
    },
    "P10": {
        "test_score": 0.5,
        "train_score": 0.7916666865348816
    },
    "P11": {
        "test_score": 0.5,
        "train_score": 0.8541666865348816
    },
    "P12": {
        "test_score": 0.3333333432674408,
        "train_score": 0.9166666865348816
    },
    "P13": {
        "test_score": 0.9166666865348816,
        "train_score": 0.875
    },
    "P14": {
        "test_score": 0.5833333134651184,
        "train_score": 0.7916666865348816
    },
    "P15": {
        "test_score": 0.5,
        "train_score": 0.9791666865348816
    },
    "P16": {
        "test_score": 0.5833333134651184,
        "train_score": 0.9166666865348816
    },
    "P17": {
        "test_score": 0.5,
        "train_score": 0.8541666865348816
    },
    "P18": {
        "test_score": 0.6666666865348816,
        "train_score": 0.8958333730697632
    },
    "P20": {
        "test_score": 0.75,
        "train_score": 0.9791666865348816
    },
    "null": {
        "test_score": 0.6018518805503845,
        "train_score": 0.875
    },
    "fold10": {
        "test_score": 0.6193957156256625,
        "train_score": 0.8651315977698878
    }
}