{
    "P01": {
        "test_score": 0.9166666865348816,
        "train_score": 0.9166666865348816
    },
    "P02": {
        "test_score": 0.6666666865348816,
        "train_score": 0.5208333730697632
    },
    "P04": {
        "test_score": 0.5,
        "train_score": 0.4791666865348816
    },
    "P05": {
        "test_score": 0.8333333134651184,
        "train_score": 0.7916666865348816
    },
    "P06": {
        "test_score": 0.9166666865348816,
        "train_score": 0.8958333730697632
    },
    "P07": {
        "test_score": 0.8333333134651184,
        "train_score": 0.6666666865348816
    },
    "P08": {
        "test_score": 1.0,
        "train_score": 0.8958333730697632
    },
    "P09": {
        "test_score": 0.8333333134651184,
        "train_score": 0.9166666865348816
    },
    "P10": {
        "test_score": 0.5833333134651184,
        "train_score": 0.4791666865348816
    },
    "P11": {
        "test_score": 0.75,
        "train_score": 0.9166666865348816
    },
    "dependent": {
        "test_score": 0.6666666865348816,
        "train_score": 0.5984848737716675
    },
    "fold10": {
        "test_score": 0.7833333313465118,
        "train_score": 0.7479166924953461
    }
}