{
    "P01": {
        "test_score": 0.6666666865348816,
        "train_score": 0.875
    },
    "P02": {
        "test_score": 0.6666666865348816,
        "train_score": 0.625
    },
    "P04": {
        "test_score": 0.5,
        "train_score": 0.5416666865348816
    },
    "P05": {
        "test_score": 0.5833333134651184,
        "train_score": 0.4791666865348816
    },
    "P06": {
        "test_score": 0.9166666865348816,
        "train_score": 0.6041666865348816
    },
    "P07": {
        "test_score": 0.75,
        "train_score": 0.6041666865348816
    },
    "P08": {
        "test_score": 0.8333333134651184,
        "train_score": 0.75
    },
    "P09": {
        "test_score": 0.9166666865348816,
        "train_score": 0.9375
    },
    "P10": {
        "test_score": 0.6666666865348816,
        "train_score": 0.6666666865348816
    },
    "P11": {
        "test_score": 0.6666666865348816,
        "train_score": 0.5625
    },
    "dependent": {
        "test_score": 0.6212121248245239,
        "train_score": 0.6363636255264282
    },
    "fold10": {
        "test_score": 0.7166666746139526,
        "train_score": 0.6645833432674408
    }
}