{
    "P01": {
        "test_score": 0.5,
        "train_score": 0.8958333730697632
    },
    "P02": {
        "test_score": 0.5833333134651184,
        "train_score": 0.9166666865348816
    },
    "P04": {
        "test_score": 0.3333333432674408,
        "train_score": 0.7291666865348816
    },
    "P05": {
        "test_score": 0.6666666865348816,
        "train_score": 0.9583333730697632
    },
    "P06": {
        "test_score": 0.6666666865348816,
        "train_score": 0.8541666865348816
    },
    "P07": {
        "test_score": 0.6666666865348816,
        "train_score": 0.8958333730697632
    },
    "P08": {
        "test_score": 0.5833333134651184,
        "train_score": 0.8541666865348816
    },
    "P09": {
        "test_score": 0.5833333134651184,
        "train_score": 0.8541666865348816
    },
    "P10": {
        "test_score": 0.5833333134651184,
        "train_score": 0.8333333730697632
    },
    "P11": {
        "test_score": 0.6666666865348816,
        "train_score": 0.7708333730697632
    },
    "P12": {
        "test_score": 0.5833333134651184,
        "train_score": 0.9166666865348816
    },
    "P13": {
        "test_score": 0.6666666865348816,
        "train_score": 0.9375
    },
    "P14": {
        "test_score": 0.5833333134651184,
        "train_score": 0.8958333730697632
    },
    "P15": {
        "test_score": 0.75,
        "train_score": 0.9375
    },
    "P16": {
        "test_score": 0.75,
        "train_score": 0.8958333730697632
    },
    "P17": {
        "test_score": 0.5833333134651184,
        "train_score": 0.8958333730697632
    },
    "P18": {
        "test_score": 0.3333333432674408,
        "train_score": 0.9166666865348816
    },
    "P20": {
        "test_score": 0.75,
        "train_score": 0.8958333730697632
    },
    "null": {
        "test_score": 0.6481481194496155,
        "train_score": 0.881944477558136
    },
    "fold10": {
        "test_score": 0.6042884964691965,
        "train_score": 0.8808479811015882
    }
}