{
    "P01": {
        "test_score": 0.8611111044883728,
        "train_score": 0.9097222089767456
    },
    "P02": {
        "test_score": 0.6111111044883728,
        "train_score": 0.8958333134651184
    },
    "P04": {
        "test_score": 0.4444444477558136,
        "train_score": 0.7083333134651184
    },
    "P05": {
        "test_score": 0.4166666567325592,
        "train_score": 0.8611111044883728
    },
    "P06": {
        "test_score": 0.7222222089767456,
        "train_score": 0.8333333134651184
    },
    "P07": {
        "test_score": 0.7222222089767456,
        "train_score": 0.7847222089767456
    },
    "P08": {
        "test_score": 0.7222222089767456,
        "train_score": 0.8055555820465088
    },
    "P09": {
        "test_score": 0.5833333134651184,
        "train_score": 0.9166666865348816
    },
    "P10": {
        "test_score": 0.6111111044883728,
        "train_score": 0.8263888955116272
    },
    "P11": {
        "test_score": 0.6388888955116272,
        "train_score": 0.8333333134651184
    },
    "P12": {
        "test_score": 0.5833333134651184,
        "train_score": 0.8680555820465088
    },
    "P13": {
        "test_score": 0.6666666865348816,
        "train_score": 0.9166666865348816
    },
    "P14": {
        "test_score": 0.75,
        "train_score": 0.8888888955116272
    },
    "P15": {
        "test_score": 0.6111111044883728,
        "train_score": 0.9027777910232544
    },
    "P16": {
        "test_score": 0.7222222089767456,
        "train_score": 0.9375
    },
    "P17": {
        "test_score": 0.6944444179534912,
        "train_score": 0.881944477558136
    },
    "P18": {
        "test_score": 0.5555555820465088,
        "train_score": 0.819444477558136
    },
    "P20": {
        "test_score": 0.7222222089767456,
        "train_score": 0.9236111044883728
    },
    "null": {
        "test_score": 0.6574074029922485,
        "train_score": 0.852623462677002
    },
    "fold10": {
        "test_score": 0.6471734831207677,
        "train_score": 0.8613953904101723
    }
}